{"cameraMode":{"drawMode":0,"name":"Shaded","section":"Shading Mode"},"sceneLighting":false,"audioPlay":false,"sceneViewState":{"showFog":true,"showMaterialUpdate":false,"showSkybox":false,"showFlares":true,"showImageEffects":true,"showParticleSystems":true},"in2DMode":false,"pivot":{"x":90.69999694824219,"y":-0.9319615364074707,"z":-14.749627113342286},"rotation":{"x":-0.027719182893633844,"y":-0.9557862281799316,"z":0.2772302031517029,"w":-0.0955142006278038},"size":10.042860984802246,"orthographic":false}