{"cameraMode":{"drawMode":0,"name":"Shaded","section":"Shading Mode"},"sceneLighting":false,"audioPlay":false,"sceneViewState":{"showFog":true,"showMaterialUpdate":false,"showSkybox":false,"showFlares":true,"showImageEffects":true,"showParticleSystems":true},"in2DMode":false,"pivot":{"x":5.8557448387146,"y":0.22222594916820527,"z":0.4534066319465637},"rotation":{"x":0.043674662709236148,"y":0.9559562802314758,"z":-0.186695396900177,"w":0.22270740568637849},"size":0.05715811625123024,"orthographic":false}