{"cameraMode":{"drawMode":0,"name":"Shaded","section":"Shading Mode"},"sceneLighting":false,"audioPlay":false,"sceneViewState":{"showFog":true,"showMaterialUpdate":false,"showSkybox":false,"showFlares":true,"showImageEffects":true,"showParticleSystems":true},"in2DMode":false,"pivot":{"x":63.07823181152344,"y":54.15141296386719,"z":-61.469730377197269},"rotation":{"x":-0.34657779335975649,"y":0.1757858693599701,"z":-0.06637931615114212,"w":-0.919109046459198},"size":0.28578734397888186,"orthographic":false}