{"cameraMode":{"drawMode":0,"name":"Shaded","section":"Shading Mode"},"sceneLighting":false,"audioPlay":false,"sceneViewState":{"showFog":true,"showMaterialUpdate":false,"showSkybox":false,"showFlares":true,"showImageEffects":true,"showParticleSystems":true},"in2DMode":false,"pivot":{"x":28.77943229675293,"y":0.13088113069534303,"z":-0.3675389885902405},"rotation":{"x":-0.027719182893633844,"y":-0.9557862281799316,"z":0.2772302031517029,"w":-0.0955142006278038},"size":96.68695068359375,"orthographic":false}