{"cameraMode":{"drawMode":0,"name":"Shaded","section":"Shading Mode"},"sceneLighting":false,"audioPlay":false,"sceneViewState":{"showFog":true,"showMaterialUpdate":false,"showSkybox":false,"showFlares":true,"showImageEffects":true,"showParticleSystems":true},"in2DMode":false,"pivot":{"x":84.66850280761719,"y":-4.660157203674316,"z":-66.8755111694336},"rotation":{"x":-0.09119302779436112,"y":-0.7753368020057678,"z":0.11504239588975907,"w":-0.6145205497741699},"size":29.938961029052736,"orthographic":false}